startDate,endDate,info
1609321331,1609321356,aa
1609321340,1609321365,bb
1609321350,1609321375,cc
1609321359,1609321384,dd
1609321369,1609321394,ee
1609321378,1609321403,ff
1609321388,1609321413,gg
1609321397,1609321422,hh
1609321407,1609321432,ii
1609321416,1609321441,jj
1609321426,1609321451,kk
1609321435,1609321460,ll
1609321445,1609321470,mm
1609321454,1609321479,nn
1609321464,1609321489,oo
1609321473,1609321498,pp
1609321483,1609321508,qq
1609321492,1609321517,rr
1609321502,1609321527,ss
1609321511,1609321536,tt
1609321521,1609321546,uu
1609321530,1609321555,vv
